aDataCounter,aTime,aInputTorque,aSensorAngle
951,95000000,0.06331096589565277,0.30000677704811096
