aDataCounter,aTime,aInputTorque,aSensorAngle
1001,2064000000,0.008248826488852501,0.3000010848045349
